start	end	text
0	1000	***
30000	31000	***
60000	61000	***
90000	91000	***
120000	121000	***
150000	151000	***
180000	181000	***
210000	211000	***
240000	241000	***
270000	271000	***
300000	301000	***
330000	331000	***
360000	361000	***
390000	391000	***
420000	421000	***
450000	452000	***
466000	467000	***
467000	469400	Ja.
471120	475760	Dan zullen we eens een keertje gaan verder gaan met het hele verhaal.
476220	478240	Mijn vader, dat had ik al verteld.
478660	479760	Die was dus beschuldigd.
480000	497820	Maar die was helemaal vrijgesproken. De rechter zei echt van alle dingen waarvan hij min of meer beschuldigd werd, bijvoorbeeld sympathie voor de Javanen. Nou, waarom mag je geen sympathie voor de Javanen hebben?
497820	515420	Hij had iets gezegd, de eerste stuurmansleerlingen kwamen eraan. Pas op hoor. Oh nee, toen zei de andere, dat wordt het nooit wat, dat zijn geen zeelieden. Maar hij had gezegd, pas maar op, straks wordt het je chef.
516260	525540	Het was natuurlijk veel meer. Ze werden minister en ze werden de eerste Javanse stuurmansleerling. Die is admiraal geworden na de oorlog.
525540	540440	Maar ja, dat wisten we toen natuurlijk nog niet. Maar goed, vrijgesproken van alle diensten. Mijn vader had geen zin met de KPNB terug te komen werken en hij heeft ook pensioen, vervroegd pensioen aangevraagd en gekregen.
542300	555320	En toen had, ja, toen hebben we nog een poosje, toen zat hij dus een beetje op mager op zijn salaris. Toen hebben we nog een poosje in Surabaya gewoond. Nou, daar had ik me niet veel, nee, in Sukabumi.
555320	567060	In de bergen gewoond. Maar daar had ik me verder weinig van. En daarna, na een paar maanden had hij, of een half jaar, had hij weer werk. Maar nu in Surabaya.
567680	577180	En toen gingen we naar het oosten toe. Met de trein hoor. Het was een hele lange tocht hoor, met de trein. De trein deed er wel bijna een dag over of zo.
577880	585180	En dan moet je je even voorstellen. Daar gaat de trein. Dan moet hij tegen een helling op. En dan stond er vaak een extra locomotief.
585320	594960	En dan stond er vaak een extra locomotief klaar om mee te helpen met duwen. Nou, dat is een mooi gezicht hoor. De dampende locomotieven. En dan...
594960	610380	En dan werd de trein over de helling heen geduwd. En ja hoor, was weer klaar. Dan moest de tweede locomotief weer afgehaald worden. En die moest wachten tot er weer iets kwam.
611040	614120	Dat net te zwaar is voor de eigen locomotief.
615320	623980	Goed. We kwamen in Surabaya. Daar kregen we een woning. Ik vond het best wel een aardige woning. Met een tuin eromheen en zo.
624760	626900	Ik heb daar, daar moeten ook nog wel foto's van zijn.
628680	637280	En mijn vader ging dus voortaan aan het werk. Op een kantoor. Nou, voor mijn moeder ook prachtig natuurlijk. Elke dag je man weer thuis.
637720	645040	En voor mij natuurlijk prima. Alle moeilijkheden met mijn moeder schijnen als sneeuw voor de zon verdwenen te zijn.
645320	658240	Zo gemeen zijn kunnen jonge kinderen, jonge pubers wel zijn. Het ene moment zo gemeen als ik weet niet hoe tegen hun moeder. En het andere moment, er is niks aan de hand.
658800	671680	Nou, maar de tijden gingen verder. Pearl Harbor. Japan heeft Filipijnen veroverd. Daar was toch een Amerikaanse generaal.
672360	675240	Die is met zijn laatste troepen is hij opgekomen.
675320	682860	Overgestoken naar een klein eilandje. Daar heeft hij nog een poosje volgehouden. Maar ja, hij werd aan alle kanten gebombardeerd onder de lucht.
683300	694740	Hij was heel populair. MacArthur. Hij was heel populair onder de soldaten. En toen hebben ze op een goede dag een deel van de soldaten weggehaald met onderzeers.
694740	703000	Maar niet veel, dat weet ik niet. Maar hij was ook terug. Maar hij had gezegd tegen de soldaten, ik kom terug.
704600	705300	En zo werd hij teruggehouden.
705320	712640	Teruggehaald naar Amerika. Daar werd hij als een held ontvangen.
713600	721900	Hij was heel populair hoor. Hij was een losse kerel. Zo'n makkelijke kerel. Tenminste, zo zag ik hem op de foto's en zo.
723200	730840	Maar ja, ondertussen was hij de Filipijnen bezet. De oorlog kwam langzamerhand steeds dichterbij.
732160	735140	Dan was daar ook nog een Franse kolonie. Vietnam.
735320	745760	Een Franse kolonie. Maar Frankrijk was bezet door Duitsland. Dus Japan kreeg toestemming om de Franse kolonie over te nemen.
746960	757660	Toen zaten de Japanners vlak bij Indonesië. Toen hebben de Engelsen in grote haast nog hun haven Singapore versterkt.
757660	763280	Twee slagschepen gestuurd tegen de Japanners.
764320	765300	Maar ach.
765320	774620	Ja, het is moeilijk altijd te weten. Een oorlog is een heel moeilijk iets om te controleren.
775420	781900	Twee slagschepen. Maar de Jappen zaten in Vietnam vlak erbij.
783320	788300	En de Jappen hadden al lang gemerkt, vliegtuigen heb je nodig, vliegtuigen heb je nodig.
788640	794660	Dus die hadden vliegtuigen gebouwd tot de beste van de wereld. Kleine, snelle.
795320	797080	Ja, hoe noemen ze dat? Zero's.
798120	798300	Nou.
800080	802960	En daar komen die twee grote slagschepen aan.
803840	807140	Nou, een slagschip was in de moderne oorlog niks.
808140	810740	Groot, zwaar, log.
811280	813380	En je kon ze van ver al herkennen.
814640	815700	Dus het duurde niet lang.
815700	819680	Of de Japanners wisten wel waar de slagschepen waren.
820340	825300	Maar de mensen van de slagschepen wisten niet waar de Japanse landingsvloot was.
825320	828280	En de Japanse landingsvloot was in aantocht.
829000	832540	Maar voordat die echt, die heeft over een paar dagen stilgelegen.
833500	842780	En in die tijd zijn de twee slagschepen door vliegtuigen getorpeerdeerd, gebombardeerd en gezonken.
843900	848260	De King George V geloof ik en de Repulse.
848440	851400	Moet ik nog eens nagaan welke schepen dat waren.
851400	853400	En zo werd...
855320	857560	Malacca aangevallen.
858620	862080	En niet lang daarna was Singapore gevallen.
862640	864160	De vloothaven.
865000	867240	De Singapore lag op een eiland.
868660	871660	Maar ja, hoe dat precies ging.
871960	874080	Goh, die Jappen.
875840	881680	De Engelse regering had er nooit op gerekend dat er een landing zou plaatsvinden.
881680	884680	Dat ze over de weg naar Singapore.
885320	885760	Zouden gaan.
886500	889260	Maar die hebben gewoon alle fietsers die er waren in de buurt.
889440	890800	Alle fietsen die ze konden vinden.
891240	892680	Die werden allemaal in beslag genomen.
893360	897040	En die Japanners gingen gewoon op de fiets met een geweer op de rug.
897580	898980	En even onder het bagage.
899540	900300	Gingen zij.
901060	903800	Ra in een paar dagen tijd waren ze in Singapore.
904480	906800	Waar men nog helemaal niet klaar was erop.
907580	908520	Maar ja, het was te laat.
909100	910860	Dus Singapore is gevallen.
911620	912260	Tja.
913140	913380	Ja.
914000	914240	Ja.
914240	918260	Toen kwamen ook de eerste verhalen over gevluchtende blanken.
919580	921080	Maar daar heb ik weinig van gehoord.
921620	922400	Toen tenminste.
923240	924340	Daar herinner ik me niks van.
925920	929620	Maar zo werd ook Indië bedreigd.
930200	932920	Er zou een grote landingsvloot komen.
933320	935560	Langs Celebes en Bordeaux.
936060	940000	En een andere landingsvloot langs Singapore.
940760	942340	Naar Batavia toe.
942920	943700	En toen.
944240	947240	Ik woon, wij woonden in Surabaya, dat was ook een vloothaven.
947960	949440	Geen grote haven.
949820	951240	Maar het was ook geen grote vloot.
952040	952540	Nou.
952540	953860	En die vloot is uitgevaren.
954860	956240	Twee kruisers.
956860	958060	Er was nog een derde kruiser.
958060	959620	Maar die voer zo slecht.
960420	961920	Een van de motoren was kapot.
961920	964120	Die hebben ze maar direct door naar Australië gestuurd.
965040	966120	Ik heb later gelezen.
966720	969160	Dat ze in Australië geen raad wisten met dat ding.
969400	970240	Dat ding was oud.
970860	971780	Helemaal verouderd.
971780	972280	Had niks.
972280	973880	Geen moderne zaken aan boord.
974240	977120	Dus die wisten ze niet waar ze die voor gebruiken moesten.
977120	983280	En die hebben ze later, geloof ik, naar Frankrijk gebracht.
983280	985280	Toen bij de landingen.
985280	987280	En dan mocht die als Tuwdam dienen.
987280	991280	Nou, dat is het einde van een Nederlandse kruiser.
991280	993280	Als Tuwdam.
993280	995280	Maar goed, dat was zover.
995280	997280	Was het nog niet.
997280	999280	Indië bedreigd.
999280	1001280	En de vloot was uitgevaren.
1001280	1003280	Twee Hollandse kruisers, als ik me goed herinner.
1003280	1003780	Twee Hollandse kruisers, als ik me goed herinner.
1003780	1005780	En een Australische kruiser als versterking.
1005780	1011780	En misschien nog een paar torpedojagers.
1011780	1013780	Dat weet ik niet.
1013780	1015780	Maar ja, de Jappen kwamen eraan.
1015780	1017780	Met vliegtuigen.
1017780	1026240	En mum van tijd wisten de Jappen wel waar onze schepen waren.
1026240	1032820	Maar de Hollandse admiraal, Helvrich, die wist niet waar de Japanners zaten.
1032820	1060580	Dus hij zat eigenlijk blind te zoeken. Nou, dat is het laatste wat je doet natuurlijk. Dus het duurde niet lang of ze vielen in een val van onderzeers en werden tegelijkertijd uit de lucht gebombardeerd. En nog een paar uur later, bijna alle schepen gezonken. Ik geloof de Tromp, een torpedojager, is de enige geweest die nog eens ontsnapt. Het was ook het enige moderne schip wat erbij was hoor.
1060580	1067700	Nederlandse vloot samen met één Australiër gezonken, verslagen.
1068340	1090480	Nou ja, toen was de wereld open. Een leger? Ja, we hadden een soort politieleger. Als ze in de binnenlanden van Bombonio of Sumatra, als daar een een of andere misdadiger uit de gevangenis was gevlucht, dan probeerde hij in het binnenland ergens een eigen troepje mensen, dat werden van die kleine roversbenden.
1090580	1102640	Sommigen noemden zich later vrijheidsstrijders. Zal wel, weet ik niet. Maar in ieder geval, daar hadden we een legertje voor. Ik geloof in zich heel iets van twintig, dertig duizend man.
1103260	1115080	Ja, toen werd mijn vader opgeroepen, militaire dienst. Ja, hij had van zijn leven nog nooit als militair gewerkt. Hij had nog nooit een wapen in zijn hand gehad.
1115080	1131300	Nou ja, dan krijg je weer de Indische verhoudingen natuurlijk. Rang en stand. Moest dan een blanke man met een hoge positie, moest hij dan soldaat worden. Nou, dat kan niet hè.
1132020	1143600	Dus, hij werd sergeant-major. Mijn vader zei het laat na de oorlog. Hij werd direct sergeant-major. Hij kreeg direct een revolver. Hij had nog nooit met een geweer geschoten. Laat staan met een revolver.
1145080	1160320	Het heeft ook maar een dag of tien geduurd. Japanners waren geland bij Batavia. Ze waren geland bij Surabaya. Ja, de verdediging was er niet. Vliegtuigen hadden we bijna niet meer. De vloot was gezonken.
1161320	1173660	Dus, toen heeft de Nederlandse regering en de generaal van de Nederlandse troepen, die hebben zich overgegeven aan de Japanners. En toen was de oorlog voorbij.
1173660	1184140	Ze konden overal gewoon landen. En mijn vader, die kon zijn revolver, die hij net een week daarvoor gekregen had, die kon hij weer inleveren. En hij werd krijgsgevangen.
1184140	1201080	En dan wist mijn moeder niet hoor. Je kreeg nergens bericht van. Je hoorde nergens iets van. Hij is gewoon verdwenen. Vier jaar lang kun je je haast niet voorstellen hè. Vier jaar moet je jezelf even nagaan. Waar zat je vier jaar geleden? En dan die tijd ertussenin.
1201080	1214120	Al die tijd. Totaal onbekend. Waar is vader? Is hij er nog? Maar mijn moeder zelf had dat natuurlijk ook moeilijk. Geen inkompen. Geen geld.
1215820	1228460	En toen kwamen er die Japen ook op school. Ze zeiden, die Hollandse kinderen moeten eraf. Die hebben we niet nodig. Die hoeven niks te leren. En de Hollandse leraren moeten er ook af.
1229160	1230460	Dat moeten Japanners.
1231080	1248860	Dat moeten Japanse leraren worden. Die waren er wel hoor, een paar. Maar naar verhouding veel te weinig. Dus wat kreeg je dan iets geks? Dan werden de vakleraren van de Mulo, die werden toen leraar op de HBS, VWO.
1251860	1260760	Maar toen zat de Mulo dus zonder of met te weinig leraren. Nou, dan werden de onderwijzers, je hoeft het maar te zeggen.
1261080	1270320	Ik wil aardeskunde gaan doen. Dan ben je aardeskunde leraar. Dus er kwamen allerlei onderwijzers, die sommigen net geslaagd waren als onderwijzer.
1271200	1280820	Maar die kwamen toen op een middelbare school en moesten dan lesgeven in aardeskunde of lesgeven in geschiedenis of lesgeven enzovoort. Wiskunde.
1281860	1290820	Nou, die hele maatschappij werd door elkaar. Ik weet wel, tegenover ons woonde een Indische dokter, een Javaanse dokter.
1291080	1303360	En die had een zoontje van mijn leeftijd. En die is toen bij mijn moeder op bezoek geweest. Hoe zat dat? Wat deed haar zoontje?
1304380	1310540	Ja, die kreeg bij de leraren thuisles. Ja, dat had die begrepen. En hoe ging dat enzovoort?
1312320	1319860	Want ik kreeg toen van bevoegde leraren, dokterandussen in weet ik veel, ja, kreeg ik les.
1321080	1326120	Maar zijn zoontje kreeg van onderwijzers van de lagere school les op de middelbare school.
1326960	1341020	Ja, hij begreep ook wel dat dit niet de allerbeste opleiding was. Maar hij is er toch niet toe gekomen om te zeggen, nou, dan nemen we, laten we hem op privé lessen bij die Hollandse leraren thuis doen.
1342020	1350860	Dus dat heeft hij toch maar niet gedaan. Het zou op een soort landverraad kunnen lijken. Ja, in ieder geval heeft hij het niet gedurfd.
1350860	1366480	Wat hij precies heeft gedacht, dat weet hij natuurlijk niet. Maar ik was natuurlijk, moest een paar dagen in de week dan bij die en dan bij die leraar thuis les krijgen in Frans, Duits, Engels, noem maar op, wiskunde.
1367880	1377180	Ik herinner me niet veel van die tijd. Wel van een biologie lerares, hele aardige vrouw, maar die kon geen orde houden. Het was altijd een rommeltje bij haar in de klas.
1377480	1380680	En toen kwamen we met z'n drieën of z'n vieren bij haar thuis.
1381580	1390920	Toen bleek haar hele huis een rommeltje te zijn. De kleren, er zat een kleine jongen van twee jaar, anderhalf jaar.
1391420	1398740	Nou, de vuile kleren, de luiers of zo, die lagen toch gewoon over de vloer heen. Als we daar binnenkwamen moesten we eerst een beetje opruimen.
1398740	1410520	Toen moesten de stoelen schoon even af, alles eraf gehaald worden en naar de badcel gebracht worden. En dan gingen we. Maar ze konden wel leuk les geven.
1410860	1422900	En natuurlijk, zomaar met z'n drieën of vieren. Ze liet niet alleen zien. Ze vertelde niet alleen wat er allemaal te zien is in een plant.
1423100	1436380	Maar we hadden ook microscopen. Twee microscopen, voor vier jongens of voor vijf jongens, dat weet ik niet meer. Dus om en om kun je even laten zien. Ik vond dat geweldig interessant toen.
1436380	1439140	En ze gaf best aardig les.
1440860	1446520	Ik zag haar tegen, alleen haar orde problemen, die had ze wel mee van huis.
1446520	1450580	Maar verder, ja, ik heb me wel erg veel.
1450580	1457460	Mijn moeder was natuurlijk wel bang dat ik op straat te veel zal opvallen, die blanke kinderen.
1457460	1460420	En ze had er ook wel gelijk in hoor.
1460420	1464620	Ik was toch wel een beetje brutaal soms.
1464620	1470620	Bijvoorbeeld, er zou een generaal in het land komen.
1470860	1492900	Daar wist ik van hoor dat er zoiets was. En die en die straat moest leeg zijn. En die en die straat was ook leeg. Alle mensen stonden langs de kant. Heleboel mensen langs die kant, andere kant. Maar ik kwam eraan met mijn fiets en ik dacht nou zeg nergens stond dat je niet mocht rijden daar.
1492900	1517900	Dus ik ben doorgereden. Maar ik werd gauw gepakt door de politie. Javaanse politie nog. Dus door Hollandse opgeleid. En nou die snouwde me toe wat ik daar deed en of ik niet gezien had. Ja ik had al wat gezien natuurlijk. Maar ik moest wel van mijn fiets afstappen. En hij gaf mij een klap op mijn hoofd.
1518820	1519380	Pak!
1519380	1536620	Nou ik was zo verbouwereerd. Ik had nog nooit gezien dat een politieman iemand op straat een klap op zijn hoofd geeft. Het was niet eens zozeer dat het blank of bruin was. Dat kende ik gewoon niet.
1537480	1547980	Nou kreeg ik nog een paar klappen op mijn andere kant. Later heb ik bedacht. Want die klappen stelden niks voor. Het was helemaal niet. Maar het klonk wel hoor.
1547980	1571060	Als je maar een plat met een platte hand geeft. Dan klinkt dat goed. Het was natuurlijk gewoon opdracht van de Japanners. Laat die Hollanders ook maar eens een keertje voelen dat ze ondergeschikt zijn. Dat ze onbelangrijk zijn. En dat hier een blanke jongen zomaar midden op straat een paar klappen kon krijgen van een Javaanse agent.
1572080	1576620	Maar ja weten doe ik het natuurlijk niet. Maar ik had toch achteraf het gevoel.
1577360	1577860	Wat hij zo...
1577980	1606040	Het sloeg niet echt hard. Het klonk wel. Maar het was het niet. Het was al zo zacht. Dat ik ben naar huis gegaan. Maar ik heb het mijn moeder niet verteld. Want ik voelde me schuldig. Want die zou misschien wel zeggen van nou ja jong. Maar je begrijpt toch wel. Enzovoort. Nou niks verteld. Maar ik mocht toch niet veel meer op straat. Mijn moeder was toch een beetje angstig geworden hoor.
1606040	1611040	En ik heb toen... Ben ik de tuin gaan onderzoeken.
1613040	1617280	Ongelooflijk waar daar die aan dieren leven in een tropische truin.
1618020	1619920	Dat kun je je in Holland haast niet voorstellen.
1620500	1627100	Aan kevertjes, aan vliegjes, aan dit en datjes, wormpjes, rupsen, maden.
1628440	1630780	Ik was vooral geïnteresseerd in mieren.
1631640	1635780	Je had bijvoorbeeld een boommier. Die lijkt een beetje op de rode.
1636040	1637460	De bosmieren in Holland.
1637940	1639700	Alleen waren ze daar feller rood.
1640760	1642680	Die pakken een blad.
1645100	1647300	En die gaan hangen aan het blad.
1648260	1649940	En dan komen er meer mieren.
1650460	1651480	Die gaan er ook aan hangen.
1652020	1658260	Op een gegeven moment hangen er zo acht, negen, tien of twaalf van die mieren aan het randje van een blad.
1659540	1665160	En dan was de bedoeling dat ze net bij een ander blad zouden kunnen komen.
1666040	1666740	En dan was het.
1667020	1668320	Daar stonden andere mieren op.
1668700	1671140	En dan trokken ze elkaar de bladeren naar elkaar toe.
1672360	1677040	En als ze dan twee bladeren bij elkaar hadden, dan trokken ze van daaruit weer andere bladeren.
1677040	1685120	En zo kreeg je na een poosje een hele beetje kogelronde bos van bladeren van één boom.
1686440	1687840	En daar leefden ze.
1688840	1690820	Er kwam de koningin erbij.
1691400	1695600	En dan was daar gewoon een mierenkolonie in een bos.
1695600	1696540	In een boom.
1698720	1700660	Ja, maar op de grond had je ze ook.
1701660	1704660	Ik had ontdekt, er waren verschillende soorten mieren.
1705160	1707840	Er waren hele agressieve die aanvielen.
1708460	1710860	Die hadden zelfs soldaten bij zich.
1712980	1716340	Je had ook minder agressieve.
1718040	1723200	Dat waren een soort, die gingen naar de bladluizen toe zoeken.
1723580	1724860	Die zogen ze.
1724860	1730000	Het suikerwater van die bladluizen, dat zogen ze op.
1730920	1733480	Ja, en daarmee voeden ze hun eigen nesten.
1734140	1737140	Je had mieren die maakten gangen in de grond.
1738120	1740700	Ik ontdekte zelfs witte mieren.
1741200	1748620	Maar het zijn geen witte mieren in de zin van, dat zijn larven van, van, van, ja, larons.
1749320	1750120	Ja, wat is dat?
1750420	1754820	Ook een soort reuzenvlieg.
1754860	1759880	Maar dit waren echte witte mieren.
1760400	1763400	En die leefden constant in de grond.
1764060	1770900	Die hebben hun eigen gangetjes tussen het nesten van een andere mierensoort.
1771060	1772740	Een dikkere, grotere.
1773760	1778480	Doordat ze zelf van die kleine, dunne gangetjes hadden,
1778480	1784340	konden die grote, dikkere, rode mieren, of rood-zwarte mieren,
1784860	1786900	die konden dus niet achterna lopen.
1787640	1790400	Hoe dat nou precies ging, heb ik natuurlijk niet begrepen.
1791120	1794720	Maar het was wel heel boeiend om zoiets te ontdekken.
1795160	1797860	Mieren te ontdekken die nooit buiten kwamen.
1798420	1799480	Heel bleek waren.
1799600	1805320	Bleek, niet wit hoor, maar toch wel, ja, zeggen we, bleekbruin of zoiets.
1806040	1808060	Ja, grijzig, ik weet het niet meer.
1808880	1810840	En zo had ik meer in de tuin.
1810920	1814060	Ik heb daar erg veel in de tuin aan insecten gezien.
1814860	1817860	Wat ik later dus over gelezen heb, ja.
1818980	1823280	Maar toen ben ik wel gaan lezen in die tijd hoor, als jongen.
1824580	1825600	Nou, is goed.
1827120	1829000	Maar mijn moeder was het verschrikkelijk.
1830140	1831500	Geen inkomsten.
1832860	1833620	Daar zit je ineens.
1835920	1837660	Kinderen van school gestuurd.
1838880	1839460	Ja, wat doe je?
1840680	1843100	Ja, je komt met een leraar zoeken.
1843100	1844680	Moet je wel wat bijbetalen.
1844680	1848200	Nou, ze heeft zelfs ook nog geprobeerd.
1849200	1852100	Er waren officieren vlakbij gevangen genomen.
1852880	1854820	En die mochten hun eigen maaltijden betalen.
1855380	1857280	Daar heeft ze voor gekookt, een paar keer.
1858260	1861160	En ze heeft geprobeerd hier en daar wat bij te verdienen.
1862220	1866600	Maar ze kwam wel eens huilend, kwam ze bijna naar me toe.
1867660	1869600	Ze had te weinig geld.
1869600	1873600	Ja, ze hadden de helft van hun spaargeld afgehaald.
1874680	1875340	Van de bank.
1875600	1877220	Vlak voordat de Japanners kwamen.
1878020	1880440	Mijn vader had gezegd, de andere helft is voor na de oorlog.
1881100	1881780	Dit is voor nu.
1883280	1884540	En dat was wel goed ook.
1885600	1886880	Want ze hadden direct geld nodig.
1887040	1890360	Maar ja, na een half jaar is daar wel een heleboel van op.
1890920	1893340	En na drie kwart jaar werd ze steeds benauwder.
1895200	1895980	En toen zei ze ja.
1896560	1898360	En ze keek naar mij.
1898920	1901160	Ik was toen, geloof ik, elf, twaalf, dertien.
1901160	1901800	Ik weet het niet meer.
1903320	1904660	Jij bent in de groei.
1904680	1907220	Dan moet je toch melk drinken.
1907580	1909140	Maar ik kan het niet meer betalen.
1910620	1912240	Nou, ik begreep er niks van hoor.
1913120	1913820	Melk drinken.
1914300	1916000	Ik vond het helemaal niet erg dat ik dat niet moest.
1917180	1918820	Ik vond melk helemaal niet lekker.
1920000	1920740	En ik wist ook.
1921480	1925420	Op Java wonen miljoenen mensen die nooit melk drinken.
1925560	1927140	Die ervanen, die kennen het niet eens.
1929240	1930580	En ik moest.
1931840	1933360	Het was de eerste keer, geloof ik.
1933520	1934560	Dat ik volwassen was.
1934680	1938620	Dat volwassen mensen niet helemaal geloofden, wat ze allemaal zeiden.
1939620	1941620	Maar mijn moeder was wel in tranen hoor.
1942620	1944620	Want haar zorgen waren natuurlijk groot genoeg.
1944620	1946620	Het ging natuurlijk niet alleen over die melk.
1946620	1950620	Maar ja, het was gewoon, ze moest bezuinigen.
1950620	1952620	Nog meer bezuinigen.
1952620	1954620	Bedieners hadden we al niet meer.
1955620	1959620	Onze oude jongens, die kwam nog wel eens even kijken.
1959620	1961620	En dan deed hij nog wel eens wat.
1961620	1963620	Ja, het had ook geen werk.
1963620	1965620	Voor die ervanen was het ook niet zo makkelijk hoor, zo'n oorlog.
1965620	1968620	En eens met anderen, met die jappen.
1968620	1970620	Daar moet je ook maar mee leren om te gaan.
1970620	1973620	Dus zo prettig vonden ze dat ook niet.
1973620	1975620	Zo prettig hadden zij het ook niet hoor.
1975620	1977620	Ze hadden hun moeilijkheden.
1977620	1979620	Maar ieder had zijn eigen moeilijkheden.
1979620	1980620	Ja.
1980620	1984620	En ja, ik, mijn moeder dus, had haar moeilijkheden.
1984620	1985620	Met ons.
1985620	1988620	En zo zag, toen mochten we.
1988620	1991620	Oh ja.
1991620	1993560	Toen kwam er wel eens een keertje.
1993560	1996560	Een Japanse officier.
1996560	1998560	Oh nee, we hebben toen.
1998560	1999560	Nee, ja, ja.
1999560	2001560	Er kwam een Japanse officier.
2001560	2004560	Met een koets.
2004560	2006560	Dat was heel gebruikelijk hoor.
2006560	2007560	Koets daar.
2007560	2008560	Paard en wagen.
2008560	2010560	Werd in Indië nog veel gebruikt toen.
2010560	2013560	Ze waren lang niet altijd met een taxi.
2013560	2018560	En die kwam een gesprek met mijn moeder beginnen.
2018560	2021560	En die had een jongetje bij zich.
2021560	2023560	En die sprak een beetje.
2023560	2025560	Een beetje Japans.
2025560	2027560	En een beetje Maleis.
2027560	2029560	En een heleboel Maleis.
2029560	2032560	Mijn moeder begreep er niks van.
2032560	2035560	Maar die Japanner wil komen inwonen.
2035560	2037560	Ja, ja.
2037560	2039560	Vrouw alleen.
2039560	2041560	En dan een Japanner die komt mee inwonen.
2041560	2043560	Nou.
2043560	2045560	Maar ja.
2045560	2047560	Japanners is toch anders dan.
2047560	2049560	Je misschien zou denken.
2049560	2051560	Het was een beschaafd man waarschijnlijk.
2051560	2052560	Weet ik niet.
2052560	2054560	Hij is heel onschuldig.
2054560	2055560	Had helemaal geen plannen hoor.
2055560	2057560	Met blanke vrouwen of zo.
2057560	2059560	Maar mijn moeder zei.
2059560	2060560	Nee, nee.
2060560	2061560	Tida, tida.
2061560	2062560	Nou.
2062560	2063560	Klaar.
2063560	2065560	Hij pakte z'n is.
2065560	2068560	Z'n stokje op of iets dergelijks.
2068560	2070560	En hij groette.
2070560	2072560	Boop netjes voor mijn moeder.
2072560	2074560	En ging weer weg.
2074560	2075560	Tja.
2075560	2077560	Dat ging nog zo maar.
2077560	2078560	Ja.
2078560	2080560	Dus later werd het wel een beetje anders hoor.
2080560	2081560	Maar in het begin.
2081560	2085560	Waren gewoon Japanners.
2085560	2088560	Waren gewoon burgers en zo.
2088560	2090560	Die toevallig ook een uniform droegen of zo.
2090560	2092560	Ook militaire dienst.
2092560	2095560	Maar toen was mijn moeder.
2095560	2096560	Weet je wat.
2096560	2099560	Toen gingen ze met iemand anders samenwonen.
2099560	2102560	Toen kwam er een vrouw met een kind.
2102560	2105560	Die waren per ongeluk.
2105560	2107560	Zij speelde.
2107560	2109560	In een of ander moeilijk instrument.
2109560	2110560	Ik ben vergeten wat.
2110560	2112560	Want die had ze niet meer.
2112560	2114560	Op dat moment.
2114560	2116560	In een orkest.
2116560	2119560	Symfonie orkest.
2119560	2121560	Die was op rondreis in Indië.
2121560	2122560	Toen de oorlog uitbrak.
2122560	2124560	En kon er dus niet meer terug.
2124560	2126560	En die was dus hier gevallen.
2126560	2128560	En die had een klein jongetje bij zich.
2128560	2129560	En nou.
2129560	2130560	En dat was een.
2130560	2132560	Een verwend merakel.
2132560	2133560	Ja.
2133560	2135560	Ik was waarschijnlijk ook verwend hoor.
2135560	2136560	Maar in mijn ogen.
2136560	2137560	Was dat jongetje.
2137560	2138560	Echt verwend.
2138560	2139560	Maar goed.
2139560	2140560	Hij mocht.
2140560	2141560	Hij wilde dit niet eten.
2141560	2142560	Hij luste dat niet.
2142560	2143560	Weet je wel.
2143560	2144560	Allemaal van die.
2144560	2145560	Van die kleine gekke.
2145560	2146560	Gekke dingen.
2146560	2147560	Maar goed.
2147560	2148560	Het was voor mijn moeder.
2148560	2149560	Weer een poging.
2149560	2150560	Om.
2150560	2151560	Met het geld uit te komen.
2151560	2152560	Langer uit te komen.
2152560	2153560	Want die oorlog.
2153560	2154560	Die duurde maar.
2154560	2155560	Die duurde maar.
2155560	2156560	Het was echt niet afgelopen.
2156560	2157560	Duidelijk ging zelfs.
2157560	2158560	Die was in.
2158560	2159560	In Noord-Afrika.
2159560	2160560	Nou.
2160560	2161560	Eigenlijk verslagen.
2161560	2162560	En.
2162560	2163560	En.
2163560	2164560	En.
2164560	2165560	En.
2165560	2166560	En.
2166560	2167560	En.
2167560	2168560	En.
2168560	2169560	En.
2169560	2170560	En.
2170560	2171560	En.
2171560	2172560	En.
2172560	2173560	En.
2173560	2174560	En.
2174560	2175560	En.
2175560	2176560	En.
2176560	2177560	En.
2177560	2178560	En.
2178560	2179560	En.
2179560	2180560	En.
2180560	2181560	En.
2181560	2182560	En.
2182560	2183560	En.
2183560	2184560	En.
2184560	2185560	En.
2185560	2186560	En.
2186560	2187560	En.
2187560	2188560	En.
2188560	2189560	En.
2189560	2190560	En.
2190560	2191560	En.
2191560	2192560	En.
2192560	2193560	En.
2193560	2194560	En.
2194560	2195560	En.
2195560	2196560	En.
2196560	2197560	En.
2197560	2198560	En.
2198560	2204680	De zogenaamde Hollandse radio, die gaf ook alleen maar Japanse berichten door.
2205420	2207560	En die hadden de ene overwinning na de andere.
2209240	2213500	Nou ja, later heb ik wel gehoord dat een heleboel van die overwinningen nooit bestaan hebben.
2213900	2215960	Maar goed, dat wisten we op dat moment ook niet hoor.
2217420	2223660	Maar de oorlog dreigde toch wel heel lang te duren.
2223660	2228660	En toen is mijn moeder toch, oh ja, toen kwamen er beschermingskampen.
2229680	2231660	Er waren natuurlijk meer blanke vrouwen zonder inkomsten.
2233100	2241980	En toen zouden ze een aparte woonwijk, waar veel blanken woonden, daar werd een hek omheen gezet.
2242640	2248860	En dan was dat, en dan moest iedereen die daar woonde, die moest twee of drie families bij zich opnemen.
2250480	2253640	Mijn moeder zat toen wel in Dubo hoor, dat moet het wel moeilijk.
2253660	2256700	Want ze was van oorsprong een Duitse.
2257740	2260400	En Duitsland had gewonnen in Europa.
2261760	2269280	Dus ze hoefde maar naar de Duitse ambassade te gaan en te zeggen, ik ben een Duitse vrouw van afkomst.
2269740	2272280	En dan was ze, ja, erkend.
2273140	2276020	En dan hoefden we niet gevangen genomen te worden.
2276520	2278580	Dan hoefden we niet in een kamp te gaan zitten.
2279300	2281580	En dan zou ze nog een uitkering kunnen krijgen ook.
2281580	2283340	Dat hebben een paar mensen gedaan.
2283340	2284080	Ja, niet veel hoor.
2284500	2286540	Maar er zijn enkele vrouwen die hebben dat gedaan.
2287140	2288820	Maar mijn moeder, die weigerde.
2289340	2291340	Mijn vader was net beschuldigd van verraad.
2292600	2293480	Dat kon ze toch niet.
2295060	2302520	Een half jaar later, toch, op dat moment wist ik er allemaal niks van.
2302860	2305340	En gedeeltelijk heb ik er ook later weinig van gehoord.
2305800	2309380	Ik heb het meer begrepen uit het verband enzo.
2309380	2312380	Dat mijn vader een keertje, mijn moeder...
2313340	2319340	Heel erg prees tegenover mij, na de oorlog, dat ze zo flink was.
2319340	2323340	Dat ze niet naar de Duitse ambassade was gegaan.
2324160	2326420	Maar ja, we moesten wel een kamp in.
2327900	2330160	Tja, en zaten we met onze meubels.
2331520	2334340	Nou, hoe dat precies gegaan is, weet ik niet.
2335560	2337760	Maar we kwamen in het huis van iemand anders.
2339100	2341600	In dat kamp, die mensen die woonden daar.
2342460	2343340	En die moesten...
2343340	2344700	Twee families opnemen.
2345880	2351360	Nou ja, die hebben toen één kamer en een schuurtje vrijgemaakt.
2352620	2357500	Die ene kamer was voor ons om te eten en te slapen.
2357660	2358360	Dat was het bed.
2359080	2361440	En dat schuurtje, daar kon ik gaan zitten.
2362100	2364300	Ja, slapen en mijn zuster.
2365900	2368300	Nou, mijn moeder was boos en neidig.
2368600	2370020	Maar er was niks aan te doen.
2370880	2372060	Het kamp werd gesloten.
2373340	2375560	Want daar buiten werd het steeds onaangenaam.
2375560	2376960	Er waren geen blanken meer.
2377820	2378980	Dus je had...
2378980	2380900	De blanken werden vaak aangehouden en zo.
2381300	2382940	En dan moest je je papieren laten tonen.
2383880	2388260	En ja, er was ook een eigenaardige rechtsspraak bij de Japanners.
2388920	2390160	Daar begrepen we niet veel van.
2391140	2396720	En bovendien, het was niet meer betaalbaar om niet te gaan.
2397560	2402300	Dus ze zei, toch, mijn zuster en ik in een burger.
2403340	2405340	En toen kwamen ze naar het kamp gekomen.
2405340	2407340	Niet lang, half jaar geloof ik.
2408860	2415340	Ineens maakten de Japanners bekend, jongetjes van zestien jaar of zo, kan het kloppen.
2415340	2418340	Dat was in 72, 73.
2418340	2422340	Ja, dat zou zo ongeveer kunnen.
2422340	2429340	Nou, jongetjes van zestien jaar, die moesten apart naar een mannenkamp toe.
2429340	2432340	Uitaan eigenlijk belachelijk, maar goed.
2432340	2435340	Helemaal ongelijk hadden ze ook niet hoor.
2435340	2439340	Want ik had ook wel plannen om sabotage te plegen.
2439340	2443340	Ik heb ook wel eens iets gedaan wat niet mocht, dat gevaarlijk was.
2443340	2447340	Maar goed, eigenlijk qua jongenstreken.
2447340	2451340	Je gelooft niet dat het allemaal zo erg is.
2451340	2455340	En zo werd ik weggehaald, naar een gevangenis gebracht.
2455340	2459340	En dat was wel een hele vreemde ervaring.
2459340	2461340	Zomaar ineens.
2461340	2464340	Dan kom je in een gevangenis.
2464340	2469340	Die was afgeschoten van het Indische, waar de Javanen gevangen zaten.
2469340	2472340	Er waren vroeger bijna alle Javanen hier.
2472340	2475340	En nu zaten er ineens allemaal Hollanders.
2475340	2479340	Daar weet ik bijvoorbeeld, daar waren twee toiletten.
2479340	2483340	Maar er kwamen ineens 120 blanke mensen.
2483340	2487340	Dan was twee toiletten wel, of één toilet was wel erg weinig.
2487340	2489340	Daar zaten iedere keer.
2489340	2490340	En toen zijn er twee.
2490340	2493340	En toen zijn er twee toiletten bijgegraven.
2493340	2498340	En dan zie je echt, ik geloof de directeur van de Nederlandse spoorwegen.
2498340	2500340	Toch een belangrijk man.
2500340	2503340	Die zie je daar in zijn onderbroekje, in de moddergraven.
2503340	2506340	Alleen maar om er een toilet bij te maken.
2506340	2510340	Want ja, we hadden wel gevoel voor hygiëne.
2510340	2514340	En we wisten ook wel, als je die vuiligheid zomaar oplaadt.
2514340	2516340	En dan vliegen komen er overheen.
2516340	2518340	In een mumfertijd heb je zelf allerlei ziektes.
2518340	2524340	Dus gelukkig liep er nog een stroompje in de beurt water.
2524340	2528340	In ieder geval, de toiletten werden gereed gemaakt.
2528340	2530340	En die konden gebruikt worden.
2530340	2533340	En alle vuiligheid werd weggespoeld.
2533340	2538340	Naar een stroompje, riviertje in de beurt.
2538340	2541340	En, maar goed.
2541340	2544340	Dat was, toen was ik voor het eerst.
2544340	2546340	Maar dat heeft niet lang geduurd hoor.
2546340	2548340	Een half jaar misschien of zo.
2548340	2551340	En toen werden we op transport met de trein.
2551340	2554340	Maar nu van het oosten naar het westen toe.
2554340	2557340	Dat was wel een lange tucht hoor.
2557340	2560340	Want hulplokotieven waren er niet meer.
2560340	2564340	Dus dan reden we daar dag en nacht.
2564340	2567340	Ja, ik weet niet hoe lang hoor.
2567340	2570340	Onderweg eten, ja soms.
2570340	2575340	Eén keer kwamen we bij een hotel, bij een station aan.
2575340	2576340	Stop.
2576340	2578340	En dan kregen we heet water te drinken.
2578340	2580340	We dachten dat het thee was.
2580340	2583340	Maar het waren de theepotten.
2583340	2585340	Waar ze heet water in gedaan hadden.
2585340	2588340	Dus het rookt nog wel een beetje naar thee.
2588340	2590340	Maar we hadden zo'n vreselijke dorst.
2590340	2593340	Hebben we alles gedronken, gedronken, gedronken.
2593340	2597340	Toen werd er ook nog wel wat eten gegeven.
2597340	2601340	In de vorm van, nou zo'n handje vol met rijst.
2601340	2604340	In een een of ander bananenblad gestopt.
2605340	2608340	En dat hebben we ook opgesmult.
2608340	2610340	En toen ging het weer verder.
2610340	2612340	De hele nacht doorrijden.
2612340	2618340	Zitten we vol met, in een coupé voor zes mensen naast me.
2618340	2622340	Drie mensen, twee keer drie mensen tegenover elkaar zitten.
2622340	2625340	Daar zaten we met z'n tien of met z'n twaalf in.
2625340	2627340	Dus het was nauw en dergelijke.
2627340	2634340	Toch herinnert me dat ik iets moois heb gezien in de buiten, in het donker.
2634340	2639340	Ja, het is gek hè, dat je sommige dingen toch gewoon onthoudt.
2639340	2642340	Wat dat geweest moet zijn, dat weet ik niet meer.
2642340	2644340	Dat ben ik helemaal vergeten.
2644340	2646340	Maar iemand heeft me wel uitgelegd.
2646340	2649340	Dat zijn kleine insecten.
2649340	2652340	Vuurvliegten.
2652340	2655340	Die als ze iedere keer als ze adem halen.
2655340	2658340	Dan gaat hun achterlijfje een beetje opgloeien.
2658340	2662340	Wordt een beetje heel, heel zwak lichtje.
2662340	2667340	Maar wat ik dan zag boven de velden, boven de rijstvelden.
2667340	2670340	Dat was niet één vliegje.
2670340	2673340	Dat waren er niet tien, niet honderd.
2673340	2676340	Dat waren er duizenden.
2676340	2679340	En dat was een wonderlijk gezicht.
2679340	2682340	Want dan zag je dat oplichten en weer donker worden.
2682340	2684340	Oplichten en weer donker worden.
2684340	2687340	Oplichten en weer donker worden.
2687340	2689340	En dat van die vuurvliegjes.
2689340	2691340	Ja, ik heb het nooit begrepen.
2691340	2694340	Maar het heeft wel heel veel indruk op me gemaakt toen hoor.
2694340	2698340	Want de tocht zelf was zo ellendig als ik weet niet hoe.
2698340	2701340	En toen kwamen we in een kamp aan.
2701340	2704340	In een oude kazerne.
2704340	2706340	Groot.
2706340	2709340	Voor duizend, drieduizend man soldaten.
2709340	2713340	Toen kwamen we met z'n vier, vijfduizend mensen als blankeren erin.
2713340	2715340	Dat was een beetje behelpen.
2715340	2720340	We moesten op de grond gaan slapen.
2720340	2724340	Maar heel gauw kregen we bamboes.
2724340	2728340	En dan moesten we daar een soort veldbed tussenin zetten.
2728340	2735340	En daar heb ik dus nou de hele tijd niet op een matras.
2735340	2739340	Maar gewoon op bamboe en een kleedje erover.
2739340	2745340	Ik moet zeggen, het heeft wel enige tijd geduurd voordat ik daar op kon slapen.
2745340	2748340	Zomaar op de grond hè, de kale grond.
2748340	2752340	Maar na twee, drie maanden, ik weet niet meer hoe lang.
2752340	2755340	Ja, slapen moet je hè.
2755340	2757340	Want dan val je toch in slaap.
2757340	2760340	Nou ja, het gekke is natuurlijk.
2760340	2765340	Juist omdat het heel gewoon werd, weet ik er niks meer van.
2765340	2768340	Ik herinner me niet van problemen later.
2768340	2772340	Ik herinner me alleen, toen de oorlog voorbij was.
2772340	2777340	Toen kon ik weer voor het eerst op een matras gaan liggen.
2778340	2779340	Warm.
2779340	2781340	Ik voelde niks aan.
2781340	2782340	Ik zat te woelen.
2782340	2784340	Ik kon zowat niet slapen.
2784340	2788340	Maar dat heeft maar twee of drie dagen geduurd tot ik was eraan gewend geraakt hoor.
2788340	2790340	Gewoon een kwestie van draaien.
2790340	2792340	Zo nu dan je kussen omdraaien.
2792340	2796340	Ja, en je valt in slaap.
2796340	2798340	Klaar.
2798340	2801340	De oorlog duurde lang.
2801340	2804340	Kamp lang.
2804340	2806340	Met mijn vader wist ik niks van.
2806340	2807340	Geen contact.
2807340	2811340	Zo nu dan kwam er een briefkaart van mijn moeder.
2811340	2814340	En wij mochten ook een briefkaart sturen.
2814340	2819340	Ja, dat was het Rode Kruis heeft daaraan meegeholpen.
2819340	2824340	Op een of andere manier mocht het Rode Kruis bij de Jappen.
2824340	2827340	Ja, het was...
2827340	2830340	Bij de Jappen is het toch wat anders dan bij de Duitsers.
2830340	2833340	Het was ook geen uitmoordingskamp.
2833340	2834340	Het was geen...
2834340	2836340	Ik heb daar niks van gemerkt.
2836340	2838340	Ja, die Jappen waren nogal streng.
2838340	2841340	En er kon iemand afgeranseld worden.
2841340	2844340	En iemand heeft eens een keer geprobeerd weg te lopen.
2844340	2846340	Daar waren ze helemaal benauwd voor.
2846340	2848340	Onbegrijpelijk.
2848340	2853340	Waarom zou je blank zijn als er een blanke ontsnapte?
2853340	2855340	Je kunt toch altijd zien dat die blank is?
2855340	2857340	Ja, hij kan zich bruin verven.
2857340	2859340	O ja, hoe doe je dat met je ogen?
2859340	2861340	Hoe doe je dat met je lippen?
2861340	2864340	Ik bedoel, dat is bijna onmogelijk.
2864340	2865340	Ja, dat is...
2865340	2868340	Je blijft altijd wat zien.
2868340	2872340	Iedere plooi, iedere kreukel die je in je huid hebt,
2872340	2874340	dat kun je zien als een blanke.
2874340	2877340	Er zijn ook wel eens een paar blanken geweest,
2877340	2880340	die zijn ondergedoken bij familie.
2880340	2882340	Bij bruine familie.
2882340	2885340	Maar die hebben een heel beroerd leven gehad hoor.
2885340	2887340	Altijd binnen zijn.
2887340	2890340	Alleen s'avonds in het donker eventjes proberen.
2890340	2891340	Ja.
2891340	2893340	En dan maar hopen dat niemand
2893340	2896340	met een lamp in hun gezicht schijnt.
2896340	2899340	Nee, die hebben het heel beroerd gehad.
2899340	2901340	Maar ze hadden wel genoeg te eten.
2901340	2902340	Dat was het enige.
2902340	2904340	En die hadden wij niet.
2904340	2906340	Je ging er niet aan dood hoor.
2906340	2908340	Maar het was gewoon te weinig.
2908340	2911340	S'morgens kreeg je een soort stijfsel.
2911340	2913340	Gewoon water.
2913340	2916340	Met een een of andere meelsoort.
2916340	2919340	En dan werd het een soort dunne pap.
2919340	2922340	Soms zat er een beetje suiker bij.
2922340	2924340	Doorheen.
2924340	2926340	Gula java.
2926340	2928340	En dan s'middags
2928340	2931340	kreeg je twee boterhammetjes.
2931340	2933340	En dan s'avonds
2933340	2936340	een handvol met rijst.
2936340	2938340	Soms met een beetje
2938340	2940340	vis
2940340	2942340	of vlees erbij.
2942340	2945340	Dat weet ik eigenlijk niet meer hoor.
2945340	2948340	Later werd het wat beter.
2948340	2950340	Ja, bij ons in
2950340	2953340	Alle blanken zaten in het kamp.
2953340	2956340	Maar alles wat een beetje school had gehad
2956340	2958340	en een beetje geleerd had.
2958340	2960340	Dat waren de blanken.
2960340	2963340	Onder de bruinen begon het net te komen.
2963340	2965340	Het begon net op te komen.
2965340	2968340	De eerste bruine doktoren waren er.
2968340	2971340	De eerste bruine ingenieurs waren er.
2971340	2973340	De eerste bruine...
2973340	2975340	Ze waren er wel.
2975340	2977340	Maar mondjesmaat weinig.
2977340	2979340	En daar moest het hele land...
2979340	2981340	daarvan profiteren.
2981340	2984340	Nou, dat is dus moeilijk genoeg geweest hoor.
2984340	2986340	Maar goed.
2986340	2989340	Ik zat in dat kamp.
2989340	2991340	En ik weet wel...
2991340	2993340	verveling.
2993340	2995340	Dagenlang.
2995340	2997340	Boeken had je bijna niet meer.
2997340	2999340	Gelukkig...
2999340	3001340	de leraren die
3001340	3003340	gevangen waren genomen,
3003340	3005340	zaten ook in het kamp.
3005340	3007340	Dus al gauw werd er wat georganiseerd.
3007340	3008340	De leraar zelf, die kreeg als beloning...
3008340	3011340	twee extra boterhammetjes.
3011340	3013340	Kun je je dat voorstellen eigenlijk?
3013340	3015340	Die kreeg twee extra boterhammetjes.
3015340	3018340	Maar die boterhammetjes waren wel beter.
3018340	3021340	Ja, daar zaten allerlei mensen in.
3021340	3023340	Ook voedings- en doktoren...
3023340	3025340	waren ook in het kamp.
3025340	3027340	En...
3027340	3029340	die hebben toen aan een mengsel gezocht.
3029340	3031340	Rijst kun je...
3031340	3033340	geen meel van maken en brood bakken.
3033340	3036340	Dan moet je gist hebben.
3036340	3038340	Toen gingen ze die rijst...
3038340	3040340	gingen ze vermengen met...
3040340	3042340	mais...
3042340	3044340	en nog een een of andere...
3044340	3046340	gele...
3046340	3048340	kleine sojaboon.
3048340	3050340	Kleine, kleine bootjes.
3050340	3052340	Gele bootjes.
3052340	3054340	Dat werd gemengd, gemalen.
3054340	3056340	En...
3056340	3058340	dan hadden ze gevonden hoe je dat...
3058340	3060340	kunt laten gisten.
3060340	3062340	Want dan verteert het beter.
3062340	3064340	Dan kan onze macht het beter hebben.
3064340	3066340	Want gewoon...
3066340	3068340	zo'n rijstkorrel...
3068340	3070340	die moet je koken.
3070340	3072340	Dan is het ook eetbaar.
3072340	3074340	Maar er zijn een heleboel van die knollen...
3074340	3076340	die kun je bijna niet koken.
3076340	3078340	Dus...
3078340	3080340	het eten wat we kregen was te weinig...
3080340	3082340	maar wel gezond.
3082340	3084340	Doktoren...
3084340	3086340	waren ook gevangen.
3086340	3088340	Eentje...
3088340	3090340	zei tegen me...
3090340	3092340	of die vertelde ons...
3092340	3094340	Ja, ze hadden wel...
3094340	3096340	tweehonderd doktoren in dit...
3096340	3098340	kamp.
3098340	3100340	Maar er waren iets van drie of vier of vijfduizend...
3100340	3102340	gevangenen.
3102340	3104340	Ik zei, eigenlijk...
3104340	3106340	als je zoveel mensen bij elkaar hebt...
3106340	3108340	zijn er toch altijd wel een paar mensen ziek?
3108340	3110340	Nee hoor, nee hoor.
3110340	3112340	Bijna niemand.
3112340	3114340	De doktoren hadden niks te doen.
3114340	3116340	Ja, er was wel een soort ziekenhuisje.
3116340	3118340	Drie of vier...
3118340	3120340	zieken zaten er.
3120340	3122340	Maar verder niks. Niemand.
3122340	3124340	En zei, we hebben geen patiënten meer.
3124340	3126340	En het waren...
3126340	3128340	echt gewoon mensen.
3128340	3130340	Zomaar uit het burgerkamp, uit het burgerleven...
3130340	3132340	gehaald.
3132340	3134340	Meestal mannen, natuurlijk dertig of vijftig...
3134340	3136340	jaar oude.
3136340	3138340	Gepensioneerden had je natuurlijk niet veel.
3138340	3140340	Maar...
3140340	3142340	Nee, zei hij.
3142340	3144340	Allemaal gelukkig ook, zei hij.
3144340	3146340	Want we hebben helemaal geen medicijnen.
3146340	3148340	Een paar...
3148340	3150340	pijnstillers. Daar waren ze heel voorzichtig...
3150340	3152340	mee. En een paar hele speciale...
3152340	3154340	medicijnen.
3154340	3156340	Voor speciale doeleinden.
3156340	3158340	Maar dat was eigenlijk bijna niks.
3158340	3160340	Nou...
3160340	3162340	Alleen als iemand een...
3162340	3164340	Laat ik zeggen, hij vertelde een blinde darm...
3164340	3166340	operatie. Dan wilde iedereen...
3166340	3168340	wel even aan die blinde darm...
3168340	3170340	operatie. Ja, die chirurgen...
3170340	3172340	die er waren...
3172340	3174340	Ja, dan probeerden ze...
3174340	3176340	Ja, maar nou ben ik aan de beurt.
3176340	3178340	Dan mag ik eens een keer wat doen.
3178340	3180340	Want het was wel een echt ziekenhuis...
3180340	3182340	geweest. Of een ziekenafdeling...
3182340	3184340	van een militaire...
3184340	3186340	plaats. Dus alle...
3186340	3188340	apparatuur was er zo aanwezig.
3188340	3190340	Behalve dan de medicijnen.
3190340	3192340	Dat was er te weinig.
3192340	3194340	Nou...
3194340	3196340	En zo... O ja, toen...
3196340	3198340	moesten we gaan werken.
3198340	3200340	Op flauwekul.
3200340	3202340	Als je ging...
3202340	3204340	werken, nou was dat om aan...
3204340	3206340	de Javanen te laten zien...
3206340	3208340	Kijk eens, die blanken...
3208340	3210340	lopen daar met blote voeten...
3210340	3212340	langs de straat.
3212340	3214340	En die moeten daar gras gaan knippen.
3214340	3216340	Of harken...
3216340	3218340	tuin aan harken.
3218340	3220340	Of al dat minderwaardige werk...
3220340	3222340	dat vroeger de Javanen...
3222340	3224340	moesten doen voor de blanken.
3224340	3226340	Dat mag ze nu de blanken doen...
3226340	3228340	voor de Japanse officieren.
3228340	3230340	Nou ja...
3230340	3232340	In de praktijk was het zo...
3232340	3234340	Dan moesten we daar ergens bij een huis...
3234340	3236340	de tuin in orde maken of de vloer vegen...
3236340	3238340	weet ik niet meer. Ja...
3238340	3240340	Iets doen.
3240340	3242340	Dat kregen we vaak bij de keuken...
3242340	3244340	kregen we wat toegestopt.
3244340	3246340	Of dat alleen...
3246340	3248340	dat ook bij volwassen mannen...
3248340	3250340	gebeurde, weet ik niet. Ik geloof het wel hoor.
3250340	3252340	Bij...
3252340	3254340	bij sommige officieren...
3254340	3256340	wist je zeker, daar moet je zijn. Als je daar...
3256340	3258340	dan heb je een goeie dag gehad.
3258340	3260340	Zoiets herinner ik me vaak.
3260340	3262340	En ik heb ook inderdaad...
3262340	3264340	echt wel eens wat gekregen hoor.
3264340	3266340	Mocht ik even achter in de...
3266340	3268340	achter de keuken...
3268340	3270340	mocht ik even gaan zitten. En dan kregen we wat...
3270340	3272340	Nou, heerlijk.
3272340	3274340	In ieder geval, het was beide.
3274340	3276340	Je kreeg iets te eten.
3276340	3278340	En je was eruit.
3278340	3280340	Ja, je was eruit.
3280340	3282340	Toen kregen we een grote opdracht.
3282340	3284340	Er moest een woonwijk...
3284340	3286340	klaargemaakt worden...
3286340	3288340	voor de Japanners.
3288340	3290340	Maar dan moesten alle meubels...
3290340	3292340	moesten naar...
3292340	3294340	één kamer gebracht worden.
3294340	3296340	De huizen moesten...
3296340	3298340	opgeruimd worden.
3298340	3300340	Niks van, als daar Japanners moesten...
3300340	3302340	gaan wonen. Die willen toch ook wel op meubels wonen?
3302340	3304340	Waarom moeten dan eerst de meubels worden weggehaald...
3304340	3306340	en daarna weer teruggebracht?
3306340	3308340	Maar ik geloof ook dat de bedoeling was om ze...
3308340	3310340	te verkopen hoor. Maar dat weet ik niet.
3310340	3312340	In ieder geval...
3312340	3314340	we moesten gaan werken. Tafels, stoelen...
3314340	3316340	enzovoort. Dat moest allemaal...
3316340	3318340	naar een bepaalde plaats gebracht worden.
3318340	3320340	En dergelijke.
3320340	3322340	En ik kwam in een huis.
3322340	3324340	Op een gegeven moment.
3324340	3326340	En daar hadden ze een hele boekenkast.
3326340	3328340	En dan moet je weten...
3328340	3330340	ik zat toen al één of twee jaar in het kamp.
3330340	3332340	Veel te lezen...
3332340	3334340	viel er niet. Wat we hadden aan boeken...
3334340	3336340	dat was al lang aan kapot gelezen.
3336340	3338340	Ja...
3338340	3340340	Nou, ik kon het niet nalaten.
3340340	3342340	Ik heb naar die...
3342340	3344340	boekenkast gekeken. Weliswaar...
3344340	3346340	in de...
3346340	3348340	Van der Laan...
3348340	3350340	Volken der Aarde, of zoiets heette dat...
3350340	3352340	boek.
3352340	3354340	En ik ben gaan lezen.
3354340	3356340	En ik vergat de tijd.
3356340	3358340	En een belsignaal ging...
3358340	3360340	allemaal verzamelen.
3360340	3362340	En de Japanners deden altijd vreselijk...
3362340	3364340	benauwd.
3364340	3366340	Ze moesten iedere keer...
3366340	3368340	om een of andere reden hadden ze...
3368340	3370340	als ze gingen tellen, dan maakten ze altijd fouten.
3370340	3372340	Ik weet niet waarom.
3372340	3374340	Ze geloofden...
3374340	3376340	of ze geloofden het niet.
3376340	3378340	Nou, want dan moeten er...
3378340	3380340	32 mensen zijn.
3380340	3382340	Maar dan zit er één...
3382340	3384340	in het ziekenhuis.
3384340	3386340	Ja, is dat zo?
3386340	3388340	Dan moest er één weer naar het ziekenhuis gaan.
3388340	3390340	Ja, dat klopte.
3390340	3392340	En dan kon je soms...
3392340	3394340	moest je echt wel één of twee uur...
3394340	3396340	buiten wachten hoor.
3396340	3398340	En dat moesten ze hier ook doen.
3398340	3400340	Want er ontbrak één jongen.
3400340	3402340	Eén man ontbrak.
3402340	3404340	En...
3404340	3406340	ik werd ontdekt.
3406340	3408340	Door een Japanse officier.
3408340	3410340	Die moet...
3410340	3412340	zo'n beetje als een...
3412340	3414340	toch als een Engelsman zijn opgeleid.
3414340	3416340	Een strakke figuur.
3416340	3418340	Met een stokje in zijn hand.
3418340	3420340	Onder zijn...
3420340	3422340	onder zijn arm.
3422340	3424340	En hij kwam daar in de kamer.
3424340	3426340	En daar zag hij...
3426340	3428340	ineens mij liggen op de grond.
3430340	3432340	Ik stond op.
3432340	3434340	Echt praten met elkaar, dat konden we niet.
3434340	3436340	Maar...
3436340	3438340	hij begon in het Engels.
3438340	3440340	Nou, ik had een beetje Engels gehad...
3440340	3442340	natuurlijk.
3442340	3444340	Ik stond in de tweede klas van de middelbare school.
3444340	3446340	Dus ik kon een beetje Engels praten.
3446340	3448340	En wat ik aan het doen was...
3448340	3450340	lezen.
3450340	3452340	En hij pakt zijn stokje...
3452340	3454340	en bladert een beetje in het boek.
3454340	3456340	Nou...
3456340	3458340	wat het precies was...
3458340	3460340	weet ik niet. Waarschijnlijk gewoon...
3460340	3462340	een brave huisvader...
3462340	3464340	die daar...
3464340	3466340	in een vreemd land...
3466340	3468340	een jongen ziet van zestien, zeventien...
3468340	3470340	zestien jaar.
3470340	3472340	Ja...
3472340	3474340	en die heeft mij...
3474340	3476340	opgemaakt.
3476340	3478340	En ik moest met hem mee teruggaan...
3478340	3480340	naar de appelplaats.
3480340	3482340	En daar zaten...
3482340	3484340	vierhonderd mensen...
3484340	3486340	zaten op mij te wachten.
3486340	3488340	Nou...
3488340	3490340	de Hollandse...
3490340	3492340	leiding...
3492340	3494340	die zeiden, we hebben wat benauwd gezeten hoor.
3494340	3496340	Want daar reden de Japanners...
3496340	3498340	vreselijk benauwd over.
3498340	3500340	Als er mensen weg waren.
3500340	3502340	Maar daar heb ik niks van gemerkt.
3502340	3504340	Terwijl ik daar stond voor de troep...
3504340	3506340	draaide hij zich...
3506340	3508340	naar mij om.
3508340	3510340	En hij wees mij naar een plek...
3510340	3512340	in de rij van wachtende...
3512340	3514340	mensen.
3514340	3516340	En ik kon in die plek gaan staan...
3516340	3518340	van die wachtende mensen.
3518340	3520340	Klaar. Afgelopen. Omgedraaid.
3520340	3522340	Terugmarcheren...
3522340	3524340	naar het kamp toe.
3524340	3526340	Nou, nou, nou...
3526340	3528340	Ik heb er eigenlijk verder bijna van gehoord...
3528340	3530340	Ja, zo'n man...
3530340	3532340	kom je een keertje tegen...
3532340	3534340	Ach, waarschijnlijk was het...
3534340	3536340	een vreemd...
3536340	3538340	brave huisvader...
3538340	3540340	die ook voor zijn militaire dienst was opgeroepen.
3540340	3542340	Ja, en in een vreemd land gekke dingen moest doen.
3542340	3544340	Daar weet ik allemaal niks van.
3544340	3546340	Ja, wat een incident...
3546340	3548340	is dat.
3548340	3550340	Ja, wat ik in het kamp zelf...
3550340	3552340	Goh...
3552340	3554340	Nou...
3554340	3556340	Saai. Saai.
3556340	3558340	Saai.
3558340	3560340	Les kregen we, gelukkig, elke dag.
3560340	3562340	Maar we hadden bijna geen papier meer.
3562340	3564340	We hadden bijna geen papier meer.
3564340	3566340	Ja, hoe doe je dat...
3566340	3568340	met wiskunde?
3568340	3570340	Ja, dan werd er een stukje muur...
3570340	3572340	was helemaal met een baksteen...
3572340	3574340	helemaal glad gemaakt...
3574340	3576340	en dat kon dan met krijt...
3576340	3578340	opgeschreven worden.
3578340	3580340	Nou, ik weet wel...
3580340	3582340	dat je heel voorzichtig...
3582340	3584340	als de leraar zei...
3584340	3586340	dan teken daar een cirkel op...
3586340	3588340	Nou, een cirkel, zo goed als je maar kunt...
3588340	3590340	Mooi.
3590340	3592340	Dan moet je een streep trekken...
3592340	3594340	niet door het middelpunt heen...
3594340	3596340	maar net.
3596340	3598340	En als je...
3598340	3600340	verkeerde streep had getrokken...
3600340	3602340	dan moest je een steen pakken...
3602340	3604340	een soort...
3604340	3606340	baksteen...
3606340	3608340	nat maken.
3608340	3610340	Dat kostte weer gewoon...
3610340	3612340	Dus elke foute streep die je zette...
3612340	3614340	dat kostte gewoon weer...
3614340	3616340	een kwartier werk...
3616340	3618340	om hem weer goed te krijgen.
3618340	3620340	Dus ik werkte heel voorzichtig...
3620340	3622340	maar ja...
3622340	3624340	erg precies.
3624340	3626340	De leraar moest meestal maar zeggen...
3626340	3628340	Kijk, als daar nou...
3628340	3630340	en dan krijg je hier...
3630340	3632340	een soort driehoek.
3632340	3634340	Kun je duidelijk zien dat het een driehoek is.
3634340	3636340	Maar kun je ook bewijzen...
3636340	3638340	dat die driehoek...
3638340	3640340	tweebenig is.
3640340	3642340	Dat het twee gelijke zijden heeft.
3642340	3644340	Kun je ook bewijzen dat...
3644340	3646340	Maar zo hebben we...
3646340	3648340	O ja, schriften...
3648340	3650340	talen is natuurlijk wel moeilijk.
3650340	3652340	Maar ik had bijvoorbeeld een schriftje...
3652340	3654340	en daar had ik Frans in.
3654340	3656340	Schreef ik van voren...
3656340	3658340	naar achteren.
3658340	3660340	Het was al voor de helft vol dat schrift.
3660340	3662340	Maar ik heb het vol geschreven...
3662340	3664340	tot achter aan toe.
3664340	3666340	Ja, je had niks anders.
3666340	3668340	Een schrift omgedraaid...
3668340	3670340	en dan omgekeerd ging je...
3670340	3672340	tussen de regels van de vorige...
3672340	3674340	van het oude gedeelte...
3674340	3676340	schreef ik weer de nieuwe oefeningen op.
3676340	3678340	Dus ik heb in ieder geval wel Frans zitten...
3678340	3680340	schrijven.
3680340	3682340	Maar natuurlijk wel mondjesmaat.
3682340	3684340	Anders is het zo weg.
3684340	3686340	En je wist ook wel...
3686340	3688340	meer papier is er niet. Krijg je niet.
3688340	3690340	Ja, verder...
3690340	3692340	in het kamp zelf...
3692340	3694340	Het duurde zo lang.
3694340	3696340	Drie jaar.
3696340	3698340	Met kerst zei iedereen...
3698340	3700340	Volgend jaar thuis.
3700340	3702340	Maar dan kwam weer een kerst.
3702340	3704340	Volgend jaar thuis.
3704340	3706340	En dan kwam weer een kerst.
3706340	3708340	Ondertussen...
3708340	3710340	wisten we wel van de radio...
3710340	3712340	dat het in Europa...
3712340	3714340	misliep met Duitsland.
3714340	3716340	Later heb ik pas gemerkt...
3716340	3718340	We hadden al iets gemerkt hoor.
3718340	3720340	We wisten altijd nieuws.
3720340	3722340	Het was altijd geruchten.
3722340	3724340	Nee, en die bleken dus nog waar te zijn ook.
3724340	3726340	Van de Japanse kranten.
3726340	3728340	We kregen wel eens...
3728340	3730340	een Maleinse krant binnen.
3730340	3732340	Nou, daar deugde niks van.
3732340	3734340	Het waren allemaal overwinningen.
3734340	3736340	Maar...
3736340	3738340	in wat we hoorden...
3738340	3740340	Ja...
3740340	3742340	Duitsland was wel diep...
3742340	3744340	in Rusland gedrongen.
3744340	3746340	Maar die werd teruggedrongen.
3746340	3748340	Er waren landingen...
3748340	3750340	in Frankrijk plaatsgevonden.
3750340	3752340	En die waren geslaagd.
3752340	3754340	En ze rukten op.
3754340	3756340	En ja, tenslotte...
3756340	3758340	was zelfs de rol...
3758340	3760340	van Duitsland afgelopen.
3760340	3762340	Hoe dat was gebeurd?
3762340	3764340	Ja, dat heb je weer...
3764340	3766340	als je een heleboel redelijk intelligente mensen...
3766340	3768340	bij elkaar zet.
3768340	3770340	In zo'n bamboe.
3770340	3772340	Weet je wel, die zijn hol.
3772340	3774340	Daar hadden ze ergens...
3774340	3776340	hadden ze een radio...
3776340	3778340	zend- en ontvangapparaat.
3778340	3780340	Nee, geen zend.
3780340	3782340	Een ontvangapparaat voor de radio.
3782340	3784340	Inopgesteld met hatenne.
3784340	3786340	In de bamboe zelf.
3786340	3788340	Gewoon overal...
3788340	3790340	die...
3790340	3792340	die kleine tussenstukjes...
3792340	3794340	eruit bikken.
3794340	3796340	Ik heb het pas van na de oorlog gezien hoor.
3796340	3798340	Het was kunstig gemaakt.
3798340	3800340	De buitenkant...
3800340	3802340	hadden ze heel voorzichtig...
3802340	3804340	eruit gezaagd.
3804340	3806340	Een randje.
3806340	3808340	En als alle apparatuur erin zat...
3808340	3810340	hebben ze dat weer dicht gemaakt.
3810340	3812340	Je kon er echt...
3812340	3814340	eigenlijk niks van zien.
3814340	3816340	Je moest echt weten...
3816340	3818340	hier zit een rechthoek.
3818340	3820340	Hoe kan dat?
3820340	3822340	Een rechthoek.
3822340	3824340	Weet je wel.
3824340	3826340	Ergens...
3826340	3828340	weet ik niet meer waar...
3828340	3830340	moet er een knopje gezeten hebben...
3830340	3832340	en dan kon je mee aan en uit maken.
3832340	3834340	Zoiets was het.
3834340	3836340	Ik geloof dat je een schroevendraaiertje nodig had.
3836340	3838340	En dan kon je door een gaatje heen...
3838340	3840340	iets aanzetten of uitzetten.
3840340	3842340	Maar zo, op die manier...
3842340	3844340	wisten wij wel...
3844340	3846340	dat ze in Europa...
3846340	3848340	de Duitsers aan het verliezen waren.
3848340	3850340	Maar ja, wij zaten in Japan.
3850340	3852340	In Japan viel...
3852340	3854340	Burma aan...
3854340	3856340	India te krijgen.
3856340	3858340	En ze hebben ook nog even...
3858340	3860340	in de richting van Australië...
3860340	3862340	en daar hebben ze...
3862340	3864340	een zeeslag in de Koraalzee verloren.
3864340	3866340	Maar daar stond natuurlijk...
3866340	3868340	in de Japanse kranten...
3868340	3870340	of de Indonesische kranten...
3870340	3872340	niks over.
3872340	3874340	Maar we konden wel merken...
3874340	3876340	ja, vroeger...
3876340	3878340	wonnen ze een zeeslag...
3878340	3880340	vlakbij Australië.
3880340	3882340	Maar een jaar later...
3882340	3884340	hadden ze weer een zeeslag gewonnen.
3884340	3886340	De weg van Australië hoor.
3886340	3888340	Dus kennelijk ging het toch niet...
3888340	3890340	zo erg best met ze.
3890340	3892340	Dus de hoop bleef.
3892340	3894340	We hebben voortdurend gedacht...
3894340	3896340	wij winnen.
3896340	3898340	De hoop bleef.
3898340	3900340	Aan deze oorlog...
3900340	3902340	komt een einde.
3902340	3904340	En dat is nog gebeurd...
3904340	3906340	ook nog.
3906340	3908340	Tot de volgende keer.
3914340	3916340	TV Gelderland 2021
